annee;jourDebut;jourFin;parcelle;couvert;itk;evaporation[mm];transpiration[mm];percolation[mm];capilarite[mm];ruissellement[mm];Hr_debut[mm];Hm_debut[mm];Hr_fin[mm];Hm_fin[mm];Hr_1erJanv[mm];Hm_1erJanv[mm];satisfactionHydrique[%];pluie[mm];irrigation[mm];sommeDegresJourCulture[°C]
2018;213;365;19_001;solnu;;233.2255278883;0.0;221.9267284831;29.2989449861;0.0;24.1995934828;49.2731306154;0.0;0.0;-1.0;-1.0;0.0;399.125;0.0;0.0
2018;213;365;119_001;solnu;;232.7402089089;0.0;222.0727904222;30.8076586243;0.0;24.6435193035;49.5840494607;0.0;0.0;-1.0;-1.0;0.0;399.125;0.0;0.0
2018;213;365;219_001;solnu;;235.4593470121;0.0;219.5713378471;29.7697356274;0.0;25.540841429;51.7317030202;0.0;0.0;-1.0;-1.0;0.0;399.125;0.0;0.0
2018;213;365;319_001;solnu;;232.7402089089;0.0;222.0727904222;30.8076586243;0.0;24.6435193035;49.5840494607;0.0;0.0;-1.0;-1.0;0.0;399.125;0.0;0.0
2018;213;365;419_001;solnu;;232.6979413879;0.0;222.1105446927;31.1979170752;0.0;24.8264754784;49.6848869619;0.0;0.0;-1.0;-1.0;0.0;399.125;0.0;0.0
2018;213;365;519_001;solnu;;232.6979413879;0.0;222.1105446927;31.1979170752;0.0;24.8264754784;49.6848869619;0.0;0.0;-1.0;-1.0;0.0;399.125;0.0;0.0
2018;213;365;619_001;solnu;;232.7402089089;0.0;222.0727904222;30.8076586243;0.0;24.6435193035;49.5840494607;0.0;0.0;-1.0;-1.0;0.0;399.125;0.0;0.0
2018;213;365;719_001;solnu;;232.3807319881;0.0;222.4624772535;30.6520609691;0.0;24.4112375044;49.356564702;0.0;0.0;-1.0;-1.0;0.0;399.125;0.0;0.0
