annee;jourDebut;jourFin;parcelle;couvert;itk;delta_Corg[kg_eqCO2/ha];tx_MO_fin[%];emissions_N2O_denit[kg_eqCO2/ha];emissions_N2O_nit[kg_eqCO2/ha];emissions_volat[kg_eqCO2/ha];emissions_lixiv[kg_eqCO2/ha];emissions_ferti[kg_eqCO2/ha];bilan_net_GES[kg_eqCO2/ha];ratio_Corg_Arg[%]
2018;213;365;19_001;solnu;;1527.9180508387;0.8437054102;18.0891314501;8.3767525811;0.0;155.4097871899;0.0;1709.7937220598;0.0269615287
2018;213;365;119_001;solnu;;1480.135250675;0.7561524978;19.5330706111;8.2503130484;0.0;154.7082815495;0.0;1662.626915884;0.0249225921
2018;213;365;219_001;solnu;;1642.3170295562;0.8015395315;22.7714465916;9.2776571744;0.0;158.9357227079;0.0;1833.3018560301;0.0257772397
2018;213;365;319_001;solnu;;1480.135250675;0.7561524978;19.5330706111;8.2503130484;0.0;154.7082815495;0.0;1662.626915884;0.0249225921
2018;213;365;419_001;solnu;;1597.0745713878;0.7309769232;20.4940259072;9.2770309445;0.0;158.8579285104;0.0;1785.7035567499;0.0243869398
2018;213;365;519_001;solnu;;1597.0745713878;0.7309769232;20.4940259072;9.2770309445;0.0;158.8579285104;0.0;1785.7035567499;0.0243869398
2018;213;365;619_001;solnu;;1480.135250675;0.7561524978;19.5330706111;8.2503130484;0.0;154.7082815495;0.0;1662.626915884;0.0249225921
2018;213;365;719_001;solnu;;1466.7877657187;0.7622303651;19.1072339406;8.1484819893;0.0;154.3197725558;0.0;1648.3632542044;0.025131226
