idParcelle;surface [m2];zone_pedo;matIrr
19_001;1919.94584009592;dior_cc_avec_arbr;null
119_001;908.2634065985799;dior_cb_sans_arbr;null
219_001;8095.709486681049;dekkMbel_cb_sans_arbr;null
319_001;10288.55448198788;dior_cb_sans_arbr;null
419_001;4110.15859353049;dekk_cb_sans_arbr;null
519_001;4723.40077130571;dekk_cb_sans_arbr;null
619_001;2274.87070200687;dior_cb_sans_arbr;null
719_001;186.04254417341;dior_cb_avec_arbr;null
