annee;jourDebut;jourFin;parcelle;couvert;itk;N_lixivie[kgN/ha];N_volatilise_NH3[kgN/ha];N_mineralise_net_SOM[kgN/ha];N_mineralise_net_residus[kgN/ha];N_acquis_couvert[kgN/ha];N_mineral_debut[kgN/ha];N_mineral_fin[kgN/ha];emissions_N2O_directes[kgN/ha];emissions_N2[kgN/ha];N_fixe_legumineuses[kgN/ha];satisfactionAzote_culture[%];satisfactionAzote_ci[%];delta_Corg[kgC/ha];emissions_N2O_denit[kgN-N2O/ha];emissions_N2O_nit[kgN-N2O/ha];emissions_N2O_indirectes_volat[kgN-N2O/ha];emissions_N2O_indirectes_lixiv[kgN-N2O/ha]
2018;213;365;19_001;solnu;;44.5482600462;0.0;30.0149816071;0.0;0.0;35.0;20.4002151887;0.0568983993;0.0096079729;0;0;0;-416.704922956;0.0388894104;0.018008989;0.0;44.5482600462
2018;213;365;119_001;solnu;;44.3471732533;0.0;29.5619325034;0.0;0.0;35.0;20.1423742103;0.0597308617;0.0126541781;0;0;0;-403.6732501841;0.0419937022;0.0177371595;0.0;44.3471732533
2018;213;365;219_001;solnu;;45.5589704732;0.0;33.2430386062;0.0;0.0;35.0;22.5938922938;0.0689016359;0.0212742033;0;0;0;-447.9046444244;0.0489558127;0.0199458232;0.0;45.5589704732
2018;213;365;319_001;solnu;;44.3471732533;0.0;29.5619325034;0.0;0.0;35.0;20.1423742103;0.0597308617;0.0126541781;0;0;0;-403.6732501841;0.0419937022;0.0177371595;0.0;44.3471732533
2018;213;365;419_001;solnu;;45.5366707442;0.0;33.2407947439;0.0;0.0;35.0;22.627110347;0.0640041149;0.0130095378;0;0;0;-435.5657921967;0.044059638;0.0199444768;0.0;45.5366707442
2018;213;365;519_001;solnu;;45.5366707442;0.0;33.2407947439;0.0;0.0;35.0;22.627110347;0.0640041149;0.0130095378;0;0;0;-435.5657921967;0.044059638;0.0199444768;0.0;45.5366707442
2018;213;365;619_001;solnu;;44.3471732533;0.0;29.5619325034;0.0;0.0;35.0;20.1423742103;0.0597308617;0.0126541781;0;0;0;-403.6732501841;0.0419937022;0.0177371595;0.0;44.3471732533
2018;213;365;719_001;solnu;;44.2358070389;0.0;29.1970587249;0.0;0.0;35.0;19.8907790135;0.0585964409;0.0118762316;0;0;0;-400.0330270142;0.0410782056;0.0175182352;0.0;44.2358070389
